{
  "functions": {
    "api/server.ts": {
      "maxDuration": 60
    }
  },
  "rewrites": [
    { "source": "/", "destination": "/api/server" },
    { "source": "/(.*)", "destination": "/api/server" }
  ],
  "headers": [
    {
      "source": "/api/(.*)",
      "headers": [
        { "key": "Access-Control-Allow-Origin", "value": "*" },
        { "key": "Access-Control-Allow-Methods", "value": "GET, POST, OPTIONS" },
        { "key": "Access-Control-Allow-Headers", "value": "Content-Type, Authorization" }
      ]
    }
  ]
}
